2d0,https://github.com/MestrieEsteban/2d0
2d0-front,https://github.com/MestrieEsteban/2d0-front
ailumette,https://github.com/MestrieEsteban/ailumette
android_studio,https://github.com/MestrieEsteban/android_studio
back-bibliotech,https://github.com/MestrieEsteban/back-bibliotech
Best-README-Template,https://github.com/MestrieEsteban/Best-README-Template
codeflix.oav.01,https://github.com/MestrieEsteban/codeflix.oav.01
codeflix.prelude.01,https://github.com/MestrieEsteban/codeflix.prelude.01
codeflix.prelude.02,https://github.com/MestrieEsteban/codeflix.prelude.02
codeSTACKr,https://github.com/MestrieEsteban/codeSTACKr
crkdesintdp,https://github.com/MestrieEsteban/crkdesintdp
cross-platform-pkdx,https://github.com/MestrieEsteban/cross-platform-pkdx
cross-quizz,https://github.com/MestrieEsteban/cross-quizz
cross-sourcerer,https://github.com/MestrieEsteban/cross-sourcerer
cross-x,https://github.com/MestrieEsteban/cross-x
cx-db-oav1-poke-mon-go,https://github.com/MestrieEsteban/cx-db-oav1-poke-mon-go
front-bibliotech,https://github.com/MestrieEsteban/front-bibliotech
gizmo,https://github.com/MestrieEsteban/gizmo
gizmo-api,https://github.com/MestrieEsteban/gizmo-api
HappyFit,https://github.com/MestrieEsteban/HappyFit
HFO4,https://github.com/MestrieEsteban/HFO4
klaus-TypeScript,https://github.com/MestrieEsteban/klaus-TypeScript
learn.python.flask,https://github.com/MestrieEsteban/learn.python.flask
MaclowMod,https://github.com/MestrieEsteban/MaclowMod
MestrieEsteban,https://github.com/MestrieEsteban/MestrieEsteban
my-s3,https://github.com/MestrieEsteban/my-s3
my-s3_front,https://github.com/MestrieEsteban/my-s3_front
MyBar,https://github.com/MestrieEsteban/MyBar
pp-ailumette,https://github.com/MestrieEsteban/pp-ailumette
pp-baratie,https://github.com/MestrieEsteban/pp-baratie
pp-tefeta,https://github.com/MestrieEsteban/pp-tefeta
s3ku4app,https://github.com/MestrieEsteban/s3ku4app
server-HappyFit,https://github.com/MestrieEsteban/server-HappyFit
swap-man.back,https://github.com/MestrieEsteban/swap-man.back
swap-man.front,https://github.com/MestrieEsteban/swap-man.front
ToDoEsteAlexis,https://github.com/MestrieEsteban/ToDoEsteAlexis
ts-baratie,https://github.com/MestrieEsteban/ts-baratie
TypeScript-Starter,https://github.com/MestrieEsteban/TypeScript-Starter
Uclips-symfony,https://github.com/MestrieEsteban/Uclips-symfony